subject,sender,filter_allowed,filter_reason,classification_label,classification_confidence,role_index,job_title,location,number_of_positions,experience_level,employment_type,work_mode,mandatory_skills,notice_period,yearly_budget_min,yearly_budget_max,overall_confidence
RE: Profiles for  Urgent Sourcing : BSH : Walkin Drive : Hyderabad,rahima.s@metaforgeit.com,True,,NOT_A_REQUIREMENT,1.0000,1,,,,,,,,,,,
RE: Profiles for  Urgent Sourcing : BSH : Walkin Drive : Hyderabad,Sanisetty.DivyaBhavani@itcinfotech.com,True,,REQUIREMENT,0.0000,1,,,,,,,,,,,0.9500
RE: Profiles for  Urgent Sourcing : BSH : Walkin Drive : Hyderabad,rahima.s@metaforgeit.com,True,,NOT_A_REQUIREMENT,1.0000,1,,,,,,,,,,,
Re:  CV of L1 select candidates,pavani.J@metaforgeit.com,True,,NOT_A_REQUIREMENT,1.0000,1,,,,,,,,,,,
Re: MS+Cornerstone-Bangalore/Mysore-TPC,charlie@metaforgeit.com,True,,NOT_A_REQUIREMENT,1.0000,1,,,,,,,,,,,
Re: Discussion-Rupesh Babu Sabbisetty(Reference Data Operations / Data Quality / Data Governance),harini.s@metaforgeit.com,True,,NOT_A_REQUIREMENT,1.0000,1,,,,,,,,,,,
Re: Requirement - Banking Client - BA & PMO roles ,harini.s@metaforgeit.com,True,,NOT_A_REQUIREMENT,1.0000,1,,,,,,,,,,,
Fw: Requirement - Banking Client - BA & PMO roles ,harini.s@metaforgeit.com,True,,REQUIREMENT,0.0000,1,,,,,,,,,,,0.0000
RE: Profiles for  Urgent Sourcing : BSH : Walkin Drive : Hyderabad,rahima.s@metaforgeit.com,True,,NOT_A_REQUIREMENT,1.0000,1,,,,,,,,,,,
RE: Profiles for  Urgent Sourcing : BSH : Walkin Drive : Hyderabad,Thirumal.Govindan@itcinfotech.com,True,,REQUIREMENT,0.0000,1,,,,,,,,,,,0.0000
Re: Teamcenter Admin and Teamcenter Developer_Chennai_TPC,charlie@metaforgeit.com,True,,NOT_A_REQUIREMENT,1.0000,1,,,,,,,,,,,
Fw: URGENT Requirement - Sub Con / FTE  Sr. Snowflake DE,rkarnam@metaforgeit.com,True,,REQUIREMENT,0.0000,1,,,,,,,,,,,0.0000
Weekly digest: Microsoft service updates,o365mc@microsoft.com,True,,REQUIREMENT,0.0000,1,,,,,,,,,,,0.0000
Re: Follow Up | Saviynt Developers - FTE/FTS/Sub-Con,harini.s@metaforgeit.com,True,,NOT_A_REQUIREMENT,1.0000,1,,,,,,,,,,,
RE: Profiles for  Urgent Sourcing : BSH : Walkin Drive : Hyderabad,rahima.s@metaforgeit.com,True,,NOT_A_REQUIREMENT,1.0000,1,,,,,,,,,,,
Re: Teamcenter Admin and Teamcenter Developer_Chennai_TPC,charlie@metaforgeit.com,True,,NOT_A_REQUIREMENT,1.0000,1,,,,,,,,,,,
Re: MS+Cornerstone-Bangalore/Mysore-TPC,charlie@metaforgeit.com,True,,NOT_A_REQUIREMENT,1.0000,1,,,,,,,,,,,
"TPC - Requirement - Civil and Structural Sr Engineer  , Vadodara , Chennai",Trayeetanu.Ganguly@Ltts.com,True,,REQUIREMENT,0.9500,1,,,,,,,,,,,0.0000
Re: Profiles for  Urgent Sourcing : BSH : Walkin Drive : Hyderabad,rahima.s@metaforgeit.com,True,,NOT_A_REQUIREMENT,1.0000,1,,,,,,,,,,,
Re:  CV of L1 select candidates,pavani.J@metaforgeit.com,True,,NOT_A_REQUIREMENT,1.0000,1,,,,,,,,,,,
RE: TPC MNT-Embedded and Audio- Immediate joiners only,Trayeetanu.Ganguly@Ltts.com,True,,REQUIREMENT,0.0000,1,,,,,,,,,,,0.0000
Re: TPC Requirement  – Adas Testing.,charlie@metaforgeit.com,True,,NOT_A_REQUIREMENT,1.0000,1,,,,,,,,,,,
Follow-Up: Microsoft-Certified DevOps & Multi-Cloud Talent | Paperlive Learning,arvind.paperlive.in@viazohocrm.in,True,,REQUIREMENT,0.0000,1,,,,,,,,,,,0.0000
Sr. Data engineer profile !,raghava@quantomtech.com,True,,REQUIREMENT,0.0000,1,,,,,,,,,,,0.0000
Accomplished consultants at V2 innovations ,Vimal@v2innovationsinc.com,True,,REQUIREMENT,0.0000,1,,,,,,,,,,,0.0000
RE: Seeking Senior Data Engineer – C2C Opportunities,ankit.giri@tekinspirations.com,True,,NOT_A_REQUIREMENT,1.0000,1,,,,,,,,,,,
Re: Profiles for  Urgent Sourcing : Oracle Positions ,rahima.s@metaforgeit.com,True,,NOT_A_REQUIREMENT,1.0000,1,,,,,,,,,,,
Automatic reply: Your MetaForge Recruiter sign-in code,viswanadh.r@metaforgeit.com,True,,NOT_A_REQUIREMENT,1.0000,1,,,,,,,,,,,
Re: TPC Requirement  – 524951 – Python Testing - Pune,charlie@metaforgeit.com,True,,NOT_A_REQUIREMENT,1.0000,1,,,,,,,,,,,
Re: TPC Requirement  – 524951 – Python Testing - Pune,charlie@metaforgeit.com,True,,NOT_A_REQUIREMENT,1.0000,1,,,,,,,,,,,
Re: TPC - Requirement  – 524949 – Python Automation Test Engineer - Pune,charlie@metaforgeit.com,True,,NOT_A_REQUIREMENT,1.0000,1,,,,,,,,,,,
Re: TPC - Requirement  – 524949 – Python Automation Test Engineer - Pune,charlie@metaforgeit.com,True,,NOT_A_REQUIREMENT,1.0000,1,,,,,,,,,,,
RE: Profiles for  Urgent Sourcing : Oracle Positions ,Sanisetty.DivyaBhavani@itcinfotech.com,True,,REQUIREMENT,0.0000,1,,,,,,,,,,,0.0000
Re: TPC - Requirement  – 524949 – Python Automation Test Engineer - Pune,charlie@metaforgeit.com,True,,NOT_A_REQUIREMENT,1.0000,1,,,,,,,,,,,
Re: MS+Cornerstone-Bangalore/Mysore-TPC,charlie@metaforgeit.com,True,,NOT_A_REQUIREMENT,1.0000,1,,,,,,,,,,,
Re: TPC Requirement  – Embedded SW Developer - Bangalore,charlie@metaforgeit.com,True,,NOT_A_REQUIREMENT,1.0000,1,,,,,,,,,,,
Re: Profiles for  Urgent Sourcing : Oracle Positions ,rahima.s@metaforgeit.com,True,,NOT_A_REQUIREMENT,1.0000,1,,,,,,,,,,,
Re: TPC Requirement  – 524951 – Python Testing - Pune,charlie@metaforgeit.com,True,,NOT_A_REQUIREMENT,1.0000,1,,,,,,,,,,,
Fw: Requirement - Banking Client - BA & PMO roles ,harini.s@metaforgeit.com,True,,REQUIREMENT,0.0000,1,,,,,,,,,,,0.0000
Re: SAP ABAP& SD immediate joiner Profiles  ,rahima.s@metaforgeit.com,True,,NOT_A_REQUIREMENT,1.0000,1,,,,,,,,,,,
Re: Teamcenter Admin and Teamcenter Developer_Chennai_TPC,charlie@metaforgeit.com,True,,NOT_A_REQUIREMENT,1.0000,1,,,,,,,,,,,
Re: TPC Requirement  – 524951 – Python Testing - Pune,charlie@metaforgeit.com,True,,NOT_A_REQUIREMENT,1.0000,1,,,,,,,,,,,
Re: UGNX + Process Planning Engineer for Chennai/Coimbatore,charlie@metaforgeit.com,True,,NOT_A_REQUIREMENT,1.0000,1,,,,,,,,,,,
Fw: URGENT Requirement - Sub Con / FTE  Sr. Snowflake DE,rkarnam@metaforgeit.com,True,,REQUIREMENT,0.0000,1,,,,,,,,,,,0.0000
Re: TPC Requirement  – 523706 – Hardware- Weekend drive- 18th April 2026,charlie@metaforgeit.com,True,,NOT_A_REQUIREMENT,1.0000,1,,,,,,,,,,,
RE: TPC - Cluster Testing,Deepashree.Bc_ext@Ltts.com,True,,REQUIREMENT,0.0000,1,,,,,,,,,,,0.0000
Re: Teamcenter Admin and Teamcenter Developer_Chennai_TPC,charlie@metaforgeit.com,True,,NOT_A_REQUIREMENT,1.0000,1,,,,,,,,,,,
Re: TPC Requirement  – 524951 – Python Testing - Pune,charlie@metaforgeit.com,True,,NOT_A_REQUIREMENT,1.0000,1,,,,,,,,,,,
Re: TPC - Cluster Testing,charlie@metaforgeit.com,True,,NOT_A_REQUIREMENT,1.0000,1,,,,,,,,,,,
TPC - Cluster Testing,Deepashree.Bc_ext@Ltts.com,True,,REQUIREMENT,0.0000,1,,,,,,,,,,,0.0000
metaforgeit.com,True,,NOT_A_REQUIREMENT,1.0000,1,,,,,,,,,,,
TPC - Cluster Testing,Deepashree.Bc_ext@Ltts.com,True,,REQUIREMENT,0.0000,1,,,,,,,,,,,0.0000
in_body,,,1,,,,,,,,,,,
Re: Teamcenter Admin and Teamcenter Developer_Chennai_TPC,charlie@metaforgeit.com,False,sender_not_allowlisted,,,1,,,,,,,,,,,
Re: TPC Requirement  – 524951 – Python Testing - Pune,charlie@metaforgeit.com,False,sender_not_allowlisted,,,1,,,,,,,,,,,
Re: TPC - Cluster Testing,charlie@metaforgeit.com,False,sender_not_allowlisted,,,1,,,,,,,,,,,
TPC - Cluster Testing,Deepashree.Bc_ext@Ltts.com,False,no_requirement_structure_in_body,,,1,,,,,,,,,,,
