Job ID,Demand Received Date,Internal POC Email,Requirement From,Client JD-ID,Client Lead POC Email,Client POC Emails,Job Title,Job Status,Closed Date,Type of Demand,Priority,Number of Positions,Experience Level,Employment Type,Budget Currency,Yearly Budget,Monthly Budget,Work Mode,Location,Overall Experience,Notice Period,Mandatory Skills,Skills
REQ-2026-04-20-001,4/20/2026,Sanisetty.DivyaBhavani@itcinfotech.com;Thirumal.Govindan@itcinfotech.com;Rajeshwari.Negi@itcinfotech.com,Metaforge,CLIENT-2026-04-20-001,rahima.s@metaforgeit.com,rahima.s@metaforgeit.com,RE: Profiles for Urgent Sourcing : BSH : Walkin Drive : Hyderabad,Open,N/A,Single,High,1,Senior,Not Provided,Not Provided,Not Provided,Not Provided,Not Provided,Not Provided,10+ years,Not Provided,Not Provided,Not Provided
REQ-2026-04-20-002,4/20/2026,rahima.s@metaforgeit.com;Thirumal.Govindan@itcinfotech.com;Rajeshwari.Negi@itcinfotech.com,ITC,CLIENT-2026-04-20-002,Sanisetty.DivyaBhavani@itcinfotech.com,Sanisetty.DivyaBhavani@itcinfotech.com; offshorejobs@metaforgeit.com,RE: Profiles for Urgent Sourcing : BSH : Walkin Drive : Hyderabad,Open,N/A,Single,High,1,Senior,Not Provided,Not Provided,15 LPA,Not Provided,Not Provided,Not Provided,17 years,Current Location,Not Provided,Not Provided
REQ-2026-04-20-003,4/20/2026,Thirumal.Govindan@itcinfotech.com;Rajeshwari.Negi@itcinfotech.com;Sanisetty.DivyaBhavani@itcinfotech.com,Metaforge,CLIENT-2026-04-20-003,rahima.s@metaforgeit.com,rahima.s@metaforgeit.com,RE: Profiles for Urgent Sourcing : BSH : Walkin Drive : Hyderabad,Open,N/A,Single,High,1,Senior,Not Provided,Not Provided,15 LPA,Not Provided,Not Provided,Not Provided,17 years,Current Location,Not Provided,Not Provided
REQ-2026-04-20-004,4/20/2026,rparimi@Kpmg.Com,Metaforge,CLIENT-2026-04-20-004,pavani.J@metaforgeit.com,pavani.J@metaforgeit.com,Re: CV of L1 select candidates,Open,N/A,Single,Medium,1,Not Provided,Not Provided,Not Provided,Not Provided,Not Provided,Not Provided,Not Provided,Not Provided,Not Provided,Not Provided,Not Provided
REQ-2026-04-20-005,4/20/2026,Pranati.Paul_ext@Ltts.com,Metaforge,CLIENT-2026-04-20-005,charlie@metaforgeit.com,charlie@metaforgeit.com,Re: MS+Cornerstone-Bangalore/Mysore-TPC,Open,N/A,Single,High,1,Mid,Full Time,Not Provided,Not Provided,Not Provided,Not Provided,Not Provided,3.05 years,Not Provided,Not Provided,Not Provided
REQ-2026-04-20-006,4/20/2026,smitinabh@kpmg.com,Metaforge,CLIENT-2026-04-20-006,harini.s@metaforgeit.com,harini.s@metaforgeit.com,Re: Discussion-Rupesh Babu Sabbisetty(Reference Data Operations / Data Quality / Data Governance),Open,N/A,Single,Medium,1,Not Provided,Not Provided,Not Provided,Not Provided,Not Provided,Not Provided,Not Provided,Not Provided,Not Provided,Not Provided,Not Provided
REQ-2026-04-20-007,4/20/2026,rparimi@Kpmg.Com,Metaforge,CLIENT-2026-04-20-007,harini.s@metaforgeit.com,harini.s@metaforgeit.com,Re: Requirement - Banking Client - BA & PMO roles,Open,N/A,Single,Medium,1,Not Provided,Not Provided,Not Provided,Not Provided,Not Provided,Not Provided,Not Provided,Not Provided,Not Provided,Not Provided,Not Provided
REQ-2026-04-20-008,4/20/2026,offshorejobs@metaforgeit.com,Metaforge,CLIENT-2026-04-20-008,harini.s@metaforgeit.com,harini.s@metaforgeit.com; kavithaakula@kpmg.com; sauravmajumder@kpmg.com; molishamehra@kpmg.com; vinutaks@kpmg.com,CCR /treasury/Basel 3.1 BA (Gurgaon/Bangalore),Open,N/A,Bulk,Medium,15,Mid,Contract,Not Provided,Not Provided,39,Not Provided,Not Provided,GCB 5,Not Provided,Not Provided,Not Provided
REQ-2026-04-20-009,4/20/2026,Thirumal.Govindan@itcinfotech.com;Rajeshwari.Negi@itcinfotech.com;Sanisetty.DivyaBhavani@itcinfotech.com,Metaforge,CLIENT-2026-04-20-009,rahima.s@metaforgeit.com,rahima.s@metaforgeit.com,RE: Profiles for Urgent Sourcing : BSH : Walkin Drive : Hyderabad,Open,N/A,Single,High,1,Not Provided,Not Provided,Not Provided,Not Provided,Not Provided,Not Provided,Not Provided,Not Provided,Not Provided,Not Provided,Not Provided
REQ-2026-04-20-010,4/20/2026,rahima.s@metaforgeit.com;Rajeshwari.Negi@itcinfotech.com;Sanisetty.DivyaBhavani@itcinfotech.com,ITC,CLIENT-2026-04-20-010,Thirumal.Govindan@itcinfotech.com,Thirumal.Govindan@itcinfotech.com; offshorejobs@metaforgeit.com,RE: Profiles for Urgent Sourcing : BSH : Walkin Drive : Hyderabad,Open,N/A,Single,High,1,Senior,Not Provided,Not Provided,21 LPA,58,Not Provided,Not Provided,15 years,Current Location,Not Provided,Not Provided
REQ-2026-04-20-011,4/20/2026,Pranati.Paul_ext@Ltts.com,Metaforge,CLIENT-2026-04-20-011,charlie@metaforgeit.com,charlie@metaforgeit.com,Re: Teamcenter Admin and Teamcenter Developer_Chennai_TPC,Open,N/A,Single,High,1,Mid,Full Time,Not Provided,Not Provided,Not Provided,Not Provided,Not Provided,3.0 years,Not Provided,Not Provided,Not Provided
REQ-2026-04-20-012,4/20/2026,offshorejobs@metaforgeit.com,Metaforge,CLIENT-2026-04-20-012,rkarnam@metaforgeit.com,rkarnam@metaforgeit.com; molishamehra@kpmg.com; vinutaks@kpmg.com,Fw: URGENT Requirement - Sub Con / FTE Sr. Snowflake DE,Open,N/A,Multiple,High,2,Mid,Full Time,Not Provided,27 LPA,35,Not Provided,Bangalore,6-8 years,Not Provided,Not Provided,Snowflake + DBT is a must. Good to have: Databricks
REQ-2026-04-20-013,4/20/2026,recruitment.application@metaforgeit.com,microsoft.com,CLIENT-2026-04-20-013,o365mc@microsoft.com,o365mc@microsoft.com,Weekly digest: Microsoft service updates,Open,N/A,Single,Medium,1,Not Provided,Not Provided,Not Provided,Not Provided,Not Provided,Not Provided,Side Chat Pane As The Primary Interface. Rollout Starts Late April 2026 (Worldwide) And October 2026 (Gcc). No Action Is Required; The Feature Remains On By Default For Licensed Users,Not Provided,Not Provided,Not Provided,Not Provided
REQ-2026-04-20-014,4/20/2026,vinutaks@kpmg.com,Metaforge,CLIENT-2026-04-20-014,harini.s@metaforgeit.com,harini.s@metaforgeit.com,Re: Follow Up | Saviynt Developers - FTE/FTS/Sub-Con,Open,N/A,Single,Medium,1,Not Provided,Not Provided,Not Provided,Not Provided,Not Provided,Not Provided,Not Provided,Not Provided,Not Provided,Not Provided,Not Provided
REQ-2026-04-20-015,4/20/2026,Thirumal.Govindan@itcinfotech.com;Rajeshwari.Negi@itcinfotech.com;Sanisetty.DivyaBhavani@itcinfotech.com,Metaforge,CLIENT-2026-04-20-015,rahima.s@metaforgeit.com,rahima.s@metaforgeit.com,RE: Profiles for Urgent Sourcing : BSH : Walkin Drive : Hyderabad,Open,N/A,Single,High,1,Senior,Not Provided,Not Provided,21 LPA,Not Provided,Not Provided,Not Provided,15 years,Current Location,Not Provided,Not Provided
REQ-2026-04-20-016,4/20/2026,Pranati.Paul_ext@Ltts.com,Metaforge,CLIENT-2026-04-20-016,charlie@metaforgeit.com,charlie@metaforgeit.com,Re: Teamcenter Admin and Teamcenter Developer_Chennai_TPC,Open,N/A,Single,High,1,Mid,Full Time,Not Provided,Not Provided,Not Provided,Not Provided,Not Provided,4.0 years,Not Provided,Not Provided,Not Provided
REQ-2026-04-20-017,4/20/2026,Pranati.Paul_ext@Ltts.com;Sai.Keerthi_ext@Ltts.com,Metaforge,CLIENT-2026-04-20-017,charlie@metaforgeit.com,charlie@metaforgeit.com,Re: MS+Cornerstone-Bangalore/Mysore-TPC,Open,N/A,Single,Medium,1,Not Provided,Not Provided,Not Provided,Not Provided,0,Not Provided,Not Provided,Not Provided,Not Provided,Not Provided,Not Provided
REQ-2026-04-20-018,4/20/2026,Prabha.Chavda_ext@Ltts.com,LTTS,CLIENT-2026-04-20-018,Trayeetanu.Ganguly@Ltts.com,Trayeetanu.Ganguly@Ltts.com,"TPC - Requirement - Civil and Structural Sr Engineer , Vadodara , Chennai",Open,N/A,Bulk,Medium,6,Senior,Not Provided,INR,Not Provided,Not Provided,Not Provided,Not Provided,13 years,Not Provided,Not Provided,Not Provided
REQ-2026-04-20-019,4/20/2026,Sanisetty.DivyaBhavani@itcinfotech.com,Metaforge,CLIENT-2026-04-20-019,rahima.s@metaforgeit.com,rahima.s@metaforgeit.com,Re: Profiles for Urgent Sourcing : BSH : Walkin Drive : Hyderabad,Open,N/A,Single,High,1,Not Provided,Not Provided,Not Provided,Not Provided,Not Provided,Not Provided,Not Provided,Not Provided,Not Provided,Not Provided,Not Provided
REQ-2026-04-20-020,4/20/2026,rparimi@Kpmg.Com,Metaforge,CLIENT-2026-04-20-020,pavani.J@metaforgeit.com,pavani.J@metaforgeit.com,Re: CV of L1 select candidates,Open,N/A,Single,Medium,1,Not Provided,Not Provided,Not Provided,Not Provided,Not Provided,Not Provided,Not Provided,Not Provided,Not Provided,Not Provided,Not Provided
REQ-2026-04-20-021,4/20/2026,Kiran.N_ext@Ltts.com,LTTS,CLIENT-2026-04-20-021,Trayeetanu.Ganguly@Ltts.com,Trayeetanu.Ganguly@Ltts.com,RE: TPC MNT-Embedded and Audio- Immediate joiners only,Open,N/A,Single,High,1,Senior,Not Provided,Not Provided,Not Provided,9,Not Provided,Not Provided,7 years,Not Provided,HAL and PDL Hands on experience,Deep understanding of Android architecture (AOSP)
REQ-2026-04-20-022,4/20/2026,Praveen.Kumar_ext@Ltts.com,Metaforge,CLIENT-2026-04-20-022,charlie@metaforgeit.com,charlie@metaforgeit.com,Re: TPC Requirement – Adas Testing.,Open,N/A,Single,High,1,Junior,Full Time,Not Provided,Not Provided,Not Provided,Not Provided,Not Provided,2.0 years,Not Provided,Not Provided,Not Provided




