Company Name,Job Role / Position,Required Skills,Experience (years),Location,Notice Period,Contact Email
LTTS,RE: TPC Requirement – Cluster Testing,"Bill Rate per month for TPC (in terms of INR) – 130000, Month",3-6 years,,,Praveen.Kumar_ext@Ltts.com
LTTS,TPC Requirement – Cluster Testing,"Bill Rate per month for TPC (in terms of INR) – 130000, Month",3-6 years,,,Trayeetanu.Ganguly@Ltts.com
LTTS,TPC-One Tech Demand multiple demand- Bangalore,,,Bangalore,,Trayeetanu.Ganguly@Ltts.com
KPMG,RE: Requirement - Banking Client - BA & PMO roles,,,,,harini.s@metaforgeit.com
Metaforge,Re: Requirement - Banking Client - BA & PMO roles,,,,,payalbehera343@gmail.com
KPMG,Fw: L1 Discussion - Sameer Anand Satpute,,,,,rparimi@Kpmg.Com
Metaforge,RE: Super critical update required Profile for Salesforce Admin-PCIIL_0000244900_1/Immediate Joiner URGENT Salesforce Requirements from ITC Infotech,,16.0 years,,CCTC,roshanmansa@gmail.com
ITC,Urgent Sourcing : BSH : Walkin Drive : Hyderabad,,,,,Rajeshwari.Negi@itcinfotech.com
Metaforge,RE: 3PT Open demands,,,,,rahima.s@metaforgeit.com
Metaforge,"Re: Sub-con | Power BI, Azure Data Engineers, Snowflake, AI Engineer",,5.8 years,,Vendor,harikalkura78@gmail.com
ITC,RE: 3PT Open demands,,,,,rahima.s@metaforgeit.com
Metaforge,Domestic Recruitment - Application,,,,,Rkarnam@MetaForgeIT.com
Read AI,"🗓 Urgent Sourcing : BSH : Walkin Drive : Hyderabad on April 8, 2026 | Read Meeting Report",,,,,executiveassistant@e.read.ai
Metaforge,Re: TPC-Mobility-EE Lab Technician- Bangalore,,34.0 years,,,singhrizu60@gmail.com
otter.ai,Prakash Prabhakar shared Urgent Sourcing : BSH : Walkin Drive : Hyderabad in Otter,,,,,no-reply@otter.ai
Metaforge,SAP Program Manager,SAP Program Manager,13.5 years,Gurugram,90 Days,chirag_d_gohil@yahoo.co.in
KPMG,Fw: L1 Discussion -,,,,,rparimi@Kpmg.Com
LTTS,"RE: TPC - Kotlin, Java, Android SDK",,,,,charlie@metaforgeit.com
Read AI,"🗓 Urgent Sourcing : BSH on April 7, 2026 | Read Meeting Report",,,,,executiveassistant@e.read.ai
Metaforge,Fw: Time slot required,,,,,pavani.J@metaforgeit.com
Metaforge,"Re: TPC - Kotlin, Java, Android SDK",,,,,komals0297@gmail.com
Metaforge,SAP Program Manager,SAP Program Manager,13.5 years,Gurugram,90 Days,Nareshkamishetti99@gmail.com
otter.ai,Prakash Prabhakar shared Urgent Sourcing : BSH in Otter,,,,,no-reply@otter.ai
Metaforge,RE: 3PT Open demands,,,,,rahima.s@metaforgeit.com
ITC,3PT Open demands,,5+ years,Remote,Immediate only,Laila.Rodrigues@itcinfotech.com
Read AI,"🗓 Urgent Sourcing : BSH on April 7, 2026 | Read Meeting Report",,,,,executiveassistant@e.read.ai
otter.ai,Meeting Summary for Urgent Sourcing : BSH,,4-15 years,up call is scheduled for 6 PM to review the profiles and progress,,no-reply@otter.ai
otter.ai,Prakash Prabhakar shared Urgent Sourcing : BSH in Otter,,,,,no-reply@otter.ai
ITC,Request to upload relevant profiles |SAP Functional Developer 60917,,,,,Recruitment.Team@itcinfotech.com
Metaforge,Re: Sub Con | Anaplan Model Builders and Solution Architects,,,,,pavani.J@metaforgeit.com
KPMG,RE: Sub Con | Anaplan Model Builders and Solution Architects,,10.6 years,,Vendor,pavani.J@metaforgeit.com
Metaforge,Re: Subcon- C2H Data Scientist,,,,,sampathkumarakki@gmail.com
ITC,Request to upload relevant profiles |SAP Program Manager 62194,,,,,Recruitment.Team@itcinfotech.com
Metaforge,RE: Regarding Naushad client round schedule /Critical Position - Support Required,,,,,rahima.s@metaforgeit.com
Metaforge,Re: TPC-Mobility-EE Lab Technician- Bangalore,,34.0 years,,LWD 10 May 2026,singhrizu60@gmail.com
Metaforge,Fw: Requirement - Banking Client - BA & PMO roles,,,"Gurgaon, Bangalore, Hyderabad, Chennai",,sauravmajumder@kpmg.com
Metaforge,RE: Urgent Sourcing : BSH,,,,,rahima.s@metaforgeit.com
levitateconsulting.tech,Re: Critical - Large scale Opportunity with our Client Brillio and Request from Brillio,,2-4 years,,,ranjithkumar@levitateconsulting.tech
KPMG,Fw: Discussion-Pooja Agarwal(Finance Operations -Management Reporting),,,,,smitinabh@kpmg.com
Metaforge,CCR /treasury/Basel 3.1 BA (Gurgaon/Bangalore),,GCB 5,,,sauravmajumder@kpmg.com
LTTS,TPC Requirement – 523264 – Validation Lead,1.5 LPM,7-10 years,,,Trayeetanu.Ganguly@Ltts.com
LTTS,TPC-mobility-Motor Control Integrated Software Tester. Immediate Joiner only,motor control concepts,5 years,Bangalore,,Trayeetanu.Ganguly@Ltts.com
LTTS,"TPC- Mobility-PLC, HMI and SCADA (hardware as well as software-Hazira","PLC, HMI and SCADA",4 years,Hazira,,Trayeetanu.Ganguly@Ltts.com
LTTS,TPC-Mobility-EE Lab Technician- Bangalore,,2+ years,,,Trayeetanu.Ganguly@Ltts.com
Metaforge,RE: Super critical update required Profile for Salesforce Admin-PCIIL_0000244900_1/Immediate Joiner URGENT Salesforce Requirements from ITC Infotech,,,,,rahima.s@metaforgeit.com
Metaforge,Fw: SAP DDM - Gurgaon,,20 years,,Current Location,Arctic.Naha@itcinfotech.com
microsoft.com,Weekly digest: Microsoft service updates,,,,,o365mc@microsoft.com
Metaforge,Profile for DevOps Engineer requirement,,9.0 years,,Vendor,ravielectronravi42@yahoo.com
Metaforge,CyberSecurity Specialist,CyberSecurity Specialist,7.5 years,Hyderabad,CCTC,Nareshkamishetti99@gmail.com
Metaforge,Re: TPC-DPS-Data Engineer -immediate joiner-Gurgoan location,,4.5 years,,,madharsaheeb@gmail.com
LTTS,"RE: TPC - Kotlin, Java, Android SDK",,,,,charlie@metaforgeit.com
Metaforge,"Re: TPC - Kotlin, Java, Android SDK",,,,,komals0297@gmail.com
LTTS,"RE: TPC - Kotlin, Java, Android SDK",,,,,komals0297@gmail.com
Metaforge,FW: Follow up | Sub Con | Anaplan Model Builders and Solution Architects,,7-10 years,Bangalore,,vinutaks@kpmg.com
Metaforge,RE: Request for the status of submissions/ Urgent Sourcing : Oracle Positions,,,,,rahima.s@metaforgeit.com
Metaforge,"Re: TPC - Kotlin, Java, Android SDK",,,,,Deepashree.Bc_ext@Ltts.com
Metaforge,RE: Critical - Large scale Opportunity with our Client Brillio and Request from Brillio,,2-4 years,,,ranjithkumar@levitateconsulting.tech
Metaforge,Fw: Saviynt Developers - FTE/FTS/Sub-Con,,,,,sauravmajumder@kpmg.com
Metaforge,Support Required,,,,,rahima.s@metaforgeit.com
KPMG,RE: Sailpoint IDN requirement along with MFA experience,,10.0 years,,Vendor,harini.s@metaforgeit.com
Metaforge,"Re: TPC- MNT-BIOS Val, Debug, TCD and Automation Development-522486-Bangalore",,,,,charlie@metaforgeit.com
LTTS,"RE: TPC- MNT-BIOS Val, Debug, TCD and Automation Development-522486-Bangalore",,4 years,,,charlie@metaforgeit.com
LTTS,"RE: TPC- MNT-BIOS Val, Debug, TCD and Automation Development-522486-Bangalore",,4 years,,,charlie@metaforgeit.com
KPMG,RE: IAM Analyst Requirements,,7.0 years,,Vendor,harini.s@metaforgeit.com
KPMG,RE: Digital Innovation - Technical PM,,17.0 years,,Vendor,harini.s@metaforgeit.com
LTTS,"RE: TPC - Kotlin, Java, Android SDK",,,,,charlie@metaforgeit.com
Metaforge,"Re: TPC - Kotlin, Java, Android SDK",,,,,komals0297@gmail.com
LTTS,"TPC - Kotlin, Java, Android SDK",,,,,komals0297@gmail.com
codersbrain.com,Hire Developers Quickly - Strong Pool of IT Resources on the Bench-CodersBrain,,,,,Greanu@codersbrain.com
Metaforge,"Re: TPC- MNT-BIOS Val, Debug, TCD and Automation Development-522486-Bangalore",,4 years,,,venkadeshrajajeyakanthan@gmail.com
KPMG,Fw: Discussion-Rupesh Babu Sabbisetty(Reference Data Operations / Data Quality / Data Governance),,,,,smitinabh@kpmg.com
KPMG,Fw: Discussion-Ashutosh Singh(ISSB Support),,,,,smitinabh@kpmg.com
KPMG,Fw: Discussion-Kushal Sarda(Finance Operations - Management Reporting),,,,,smitinabh@kpmg.com
KPMG,Fw: Discussion-Piyush Bardwaj(SOX Controls enhancement),,,,,smitinabh@kpmg.com
KPMG,Fw: Discussion-Payal Behera(ESG Reporting Manager),,,,,smitinabh@kpmg.com
Metaforge,Salesforce Developer,Salesforce Developer,16.0 years,"Bangalore, Pune/Bangalore",CCTC,roshanmansa@gmail.com
Metaforge,Super critical update required Profile for Salesforce Admin-PCIIL_0000244900_1/Immediate Joiner URGENT Salesforce Requirements from ITC Infotech,,,,,rahima.s@metaforgeit.com
Metaforge,Re: Sailpoint IDN requirement along with MFA experience,,10.0 years,,Vendor,swikruti.siku@gmail.com
Metaforge,Fw: Urgent requirement_ SRE_ Pending profiles required,"GCP, AWS",6+ years,"Pune, Kochi, TVM, Chennai",,Ritika.Khandelwal@ust.com
Metaforge,Lead STIBO STEP MDMPIM,,9 years,PUNE,,Laila.Rodrigues@itcinfotech.com
Metaforge,Re: Urgent Sourcing : GO Project-Profile for SAP MM/Immediate joiners,,16 years,"Chennai, Bengaluru",Current Location,muruganjayaraman11@gmail.com
fireflies.ai,Your meeting recap - Quick connect,,,,,viswa.m@gladinfosystems.com
Metaforge,Fw: Profiles for - Urgent and critical requirement- SAP ABAP Consultant,,6 years,2,Current Location,anuhyabottu3@gmail.com
Metaforge,Re: Digital Innovation - Technical PM,,17.0 years,,Vendor,sushmasrujan.singh@gmail.com
Metaforge,Re: Critical - Large scale Opportunity with our Client Brillio and Request from Brillio,,2-4 years,,,ranjithkumar@levitateconsulting.tech
Read AI,"🗓 Quick connect on April 2, 2026 | Read Meeting Report",,,,,executiveassistant@e.read.ai
levitateconsulting.tech,Re: Critical - Large scale Opportunity with our Client Brillio and Request from Brillio,,2-4 years,,,ranjithkumar@levitateconsulting.tech
levitateconsulting.tech,Re: Critical - Large scale Opportunity with our Client Brillio and Request from Brillio,,2-4 years,,,ranjithkumar@levitateconsulting.tech
ITC,Quick connect,,,,,Thirumal.Govindan@itcinfotech.com
Metaforge,CyberSecurity Specialist,CyberSecurity Specialist,7.5 years,Hyderabad,CCTC,Nareshkamishetti99@gmail.com
Metaforge,Re: Subcon- C2H Data Scientist,,4.5 years,,Vendor,sampathkumarakki@gmail.com
otter.ai,Prakash Prabhakar shared Quick connect in Otter,,,,,no-reply@otter.ai
Metaforge,Re: PM requirement - FTS,,10.0 years,,Vendor,shikhagnihotri@gmail.com
ITC,Urgent & Important - ITCI - Vendor Skill Inventory Data Required,,,,,I3LVendor.Management@itcinfotech.com
Metaforge,Re: Critical - Large scale Opportunity with our Client Brillio and Request from Brillio,,2-4 years,,,rahima.s@metaforgeit.com
ITC,Urgent Position - Lead STIBO STEP MDMPIM,,9 years,PUNE,,Pratiksha.Sangani@itcinfotech.com
LTTS,Requirement – 523122 – Japan Life – Automation Test Engineer,"Design digital circuits, Prdt development, component sourcing, circuit simulation, WCA",7-10 years,,,Trayeetanu.Ganguly@Ltts.com
LTTS,Requirement – 519796 – LITENS – HIL testing,"HIL Testing, HSIT, ASPICE, ISO 26262, CAN, LIN",5-7 years,,,Trayeetanu.Ganguly@Ltts.com
Metaforge,Re: ITCI Urgent Replacement SO# 0000245972,,,,,rahima.s@metaforgeit.com
LTTS,Requirement – 521688 – Motorola – Python Automation Testing,"Python Automation, Selenium, Android Device Testing",5-7 years,,,Trayeetanu.Ganguly@Ltts.com
LTTS,"Requirement – 520158 – MTU India – TPT, Matlab, Windchill","Python Automation, Selenium, Android Device Testing, Develop test scripts for automated testing (Python, CAPL, MATLAB, etc.).",3+ years,,,Trayeetanu.Ganguly@Ltts.com
LTTS,Requirement – 523287– PHILIPS – Python Automation Engineer,"Python Automation, Pytest, Docker, GIT, Azure DevOps, JIRA.",3+ years,,,Trayeetanu.Ganguly@Ltts.com
Metaforge,Re: Request for the status of submissions/ Urgent Sourcing : Oracle Positions,,,,,rahima.s@metaforgeit.com
Metaforge,Re: Regarding Naushad client round schedule /Critical Position - Support Required,,,,,rahima.s@metaforgeit.com
ITC,Request to upload relevant profiles |SAP Technical Developer 62091,,,,,Recruitment.Team@itcinfotech.com
Read AI,"🗓 Urgent Sourcing : ESAG on April 2, 2026 | Read Meeting Report","The hiring need is for 12 open senior SAP positions across six skillsets for client ESAG., Varity / Mayank Kumar Phoolwani will share the available SAP MM and SAP WM candidate profiles.",,,,executiveassistant@e.read.ai
otter.ai,Meeting Summary for Urgent Sourcing : ESAG,,15 years,,of up to 60 days,no-reply@otter.ai
LTTS,Requirement – 522748 – S C P – Broadband Testing,"Broadband Testing (Java, Javascript, Python, Selenium, Robot Framework), BDD",5-7 years,,,Trayeetanu.Ganguly@Ltts.com
otter.ai,Prakash Prabhakar shared Urgent Sourcing : ESAG in Otter,,,,,no-reply@otter.ai
Metaforge,Re: Sailpoint IDN requirement along with MFA experience,,15.0 years,,Vendor,venkatesan.jay@gmail.com
Metaforge,Re: IAM Analyst Requirements,,7.0 years,,Vendor,sharathkrishnagouni333@gmail.com
LTTS,TPC- Aero-Materials Engineer-Bangalore,,6 years,Bangalore,,Trayeetanu.Ganguly@Ltts.com
ITC,Request to upload relevant profiles |Solution Architect - CS 61981,,,,,Recruitment.Team@itcinfotech.com
LTTS,TPC demand- Program Manager - Aerospace Domain,Technical Program Management experience with in Aerospace HW & SW including the safety critical standards,10 years,Bangalore,,Trayeetanu.Ganguly@Ltts.com
LTTS,TPC-Mobility-CAD skills in Creo - Vadodara -immediate joiner only F2F,,5-7 years,,,Trayeetanu.Ganguly@Ltts.com
ITC,Request to upload relevant profiles |Microsoft Defender for Endpoint and Proofpoint 60872,,,,,Recruitment.Team@itcinfotech.com
Metaforge,Re: PM requirement - FTS,,6.4 years,,Vendor,nidhiuniyal009@gmail.com
Metaforge,"Re: Sub-con | Power BI, Azure Data Engineers, Snowflake, AI Engineer",,5.5 years,,Vendor,sudharani.data.engineer09@gmail.com
LTTS,Senior Teamcenter Developer,,6-8 years,Bangalore,,Trayeetanu.Ganguly@Ltts.com
Metaforge,Fw: ITCI Urgent Replacement SO# 0000245972,,,,,Manikandan.G@itcinfotech.com
LTTS,"RE: TPC-DPS-Kotlin, Java, Android SDK-Mysore-immediate joiners",,3.5 years,,is 30 days,charlie@metaforgeit.com
Metaforge,"Re: TPC-DPS-Kotlin, Java, Android SDK-Mysore-immediate joiners",,3.5 years,,is 30 days,sonalshendre07@gmail.com
Metaforge,Undeliverable: Candidate submission — REQ-2026-03-31-002 — Full stack engineer,,,,,harrini.s@metaforgeit.com
Metaforge,Re: Requirement – 522787– Applied Materials – Automation Test Engineer,,8 years,,,ajaypratapsingh0896@gmail.com
Metaforge,"Fw: TPC-DPS-Kotlin, Java, Android SDK-Mysore-immediate joiners",,7 years,,,Trayeetanu.Ganguly@Ltts.com
LTTS,"TPC - Requirement - Civil and Structural Sr Engineer , Vadodara , Chennai",,13 years,,,Trayeetanu.Ganguly@Ltts.com
LTTS,"Robotics Engineer – ROS (Humanoid, Quadruped & Cobot)",,5-8 years,,15 Days,Trayeetanu.Ganguly@Ltts.com
LTTS,"TPC - Requirement - Civil and Structural Jr Engineer , Chennai , Vadodara , Bangalore",,4-8 years,,,Trayeetanu.Ganguly@Ltts.com
Metaforge,Re: Requirement – 522787– Applied Materials – Automation Test Engineer,,5 years,,,venkadeswaran25@gmail.com
ITC,I3L Invoice Submission Guidelines,,,,,I3LVendor.Management@itcinfotech.com
Metaforge,Re: FTE- Cloud security,,6.0 years,,Vendor,mounikamothe93@gmail.com
Metaforge,Re: Offshore Buyer – MRO & Spare Parts (Maximo Operations) for Chennai-TPC,,,,,ramadoss.gee@gmail.com
LTTS,RE: Offshore Buyer – MRO & Spare Parts (Maximo Operations) for Chennai-TPC,,5.6 years,,,charlie@metaforgeit.com
jessytechsolutions.com,Re: Deployable Anaplan Resources,,,,,pradeep.d@jessytechsolutions.com
Metaforge,Oracle EBS Finance Functional Consultant R12,"Oracle EBS Finance Functional Consultant R12, 5.0 Years",7.2 years,"Chennai, Hyderabad",CCTC,kamarudeenfb@gmail.com
Metaforge,Re: Sub Con | Anaplan Model Builders and Solution Architects,,10.6 years,,Vendor,shekhar13gite@gmail.com
Metaforge,Re: Anaplan Model Builders and Solution Architects,,,,,muzafar.it07@gmail.com
KPMG,"RE: Sub-con | Power BI, Azure Data Engineers, Snowflake, AI Engineer",,4.8 years,,Vendor,pavani.J@metaforgeit.com
KPMG,"RE: Sub-con | Power BI, Azure Data Engineers, Snowflake, AI Engineer",,4.5 years,,Vendor,pavani.J@metaforgeit.com
ITC,Discussion on High Priority Requirements-ITC Infotech,,,,,Ramesh.Vemula@itcinfotech.com
Metaforge,Profiles for Urgent Sourcing : Oracle Positions,5.0 Years,8.0 years,,Current Location,oraclecloudr12@gmail.com
LTTS,UGNX + Process Planning Engineer for Chennai/Coimbatore,"UGNX, Machining, Process planning for processes like Welding, Mechanical assy., Integration etc",3-5 years,"Chennai, Coimbatore",0,Trayeetanu.Ganguly@Ltts.com
LTTS,Recall: UGNX + Process Planning Engineer for Chennai/Coimbatore,,,,,Trayeetanu.Ganguly@Ltts.com
LTTS,UGNX + Process Planning Engineer for Chennai/Coimbatore,"UGNX, Machining, Process planning for processes like Welding, Mechanical assy., Integration etc",3-5 years,"Chennai, Coimbatore",0,Trayeetanu.Ganguly@Ltts.com
Metaforge,Support Required,,,,,GangaReddy.Gaddam@ust.com
Metaforge,Re: Requirement – 522787– Applied Materials – Automation Test Engineer,,4.0 years,,,gowthamtest1999@gmail.com
KPMG,"RE: Sub-con | Power BI, Azure Data Engineers, Snowflake, AI Engineer",,5.3 years,,Vendor,pavani.J@metaforgeit.com
LTTS,TPC demands- Hardware and Firmware Engineer for TPC-Bangalore and Mysore,,4-10 years,"Bangalore, Mysore",,Trayeetanu.Ganguly@Ltts.com
ust.com,Support Required,,,,,rahima.s@metaforgeit.com
Metaforge,"Re: Sub-con | Power BI, Azure Data Engineers, Snowflake, AI Engineer",,5.3 years,,Vendor,gadekarjalindar7@gmail.com
Metaforge,Re: Regarding Naushad client round schedule /Critical Position - Support Required,,,,,rahima.s@metaforgeit.com
LTTS,Requirement – 522787– Applied Materials – Automation Test Engineer,"Automation Testing, Playwright, load testing, load runner.",5-7 years,,,Trayeetanu.Ganguly@Ltts.com
ust.com,Support Required,,,,,rahima.s@metaforgeit.com
Metaforge,Updated Sheet Of KPMG_Feedback,,,,,pavani.J@metaforgeit.com
LTTS,TPC - Advanced Micro Devices Inc,"C, C++, Linux, Scripting, Profiling, Linux CLI",2-5 years,,,Trayeetanu.Ganguly@Ltts.com
ITC,Request to upload relevant profiles |SAP Technical Developer 61520,,,,,Recruitment.Team@itcinfotech.com
otter.ai,Meeting Summary for Urgent Sourcing : Oracle Positions,,12 years,,,no-reply@otter.ai
otter.ai,Prakash Prabhakar shared Urgent Sourcing : Oracle Positions in Otter,,,,,no-reply@otter.ai
Metaforge,Re: Profile for Salesforce Admin-PCIIL_0000244900_1/Immediate Joiner URGENT Salesforce Requirements from ITC Infotech,,,,,rahima.s@metaforgeit.com
Metaforge,"Re: Sub-con | Power BI, Azure Data Engineers, Snowflake, AI Engineer",,4.5 years,,Vendor,Aswaniy4712@gmail.com
Metaforge,Fw: FTE- Cloud security,"Person must have both technical (DevOps, Cloud) and assurance, audit (for recoverability, disaster recovery etc., ) understanding",7-8 years,,,molishamehra@kpmg.com
Metaforge,Fw: Sub Con | Anaplan Model Builders and Solution Architects,,7-10 years,Bangalore,,molishamehra@kpmg.com
Metaforge,"Re: Sub-con | Power BI, Azure Data Engineers, Snowflake, AI Engineer",,4.8 years,,Vendor,akanjali1504@gmail.com
Metaforge,Fw: Subcon- C2H Data Scientist,,10 years,Bangalore,,molishamehra@kpmg.com
Metaforge,RE: Sourcing,,,,,rahima.s@metaforgeit.com
Metaforge,Fw: Template to be used,,,,,saikiran.a@metaforgeit.com
Metaforge,Profile for Sr Domestic Recruiter (In House),,,,,charlie@metaforgeit.com
KPMG,Recall: Candidates availability for the interview.,,,,,postmaster1@kpmg.com
KPMG,Financial SMEs – Statutory Accounting & Record-to-Report,,,,,rparimi@Kpmg.Com
ust.com,Support Required,,,,,rahima.s@metaforgeit.com
KPMG,Financial SMEs – Statutory Accounting & Record-to-Report,,,,,molishamehra@kpmg.com
Metaforge,FW: Sourcing,,3-5 years,,,Prakash.R@itcinfotech.com
ITC,RE: Sourcing,,3-5 years,,,Prakash.R@itcinfotech.com
Metaforge,Re: Embedded demands,,6.5 years,,,prabhuashok045@gmail.com
Metaforge,RE: Regarding Naushad client round schedule /Critical Position - Support Required,,,,,rahima.s@metaforgeit.com
KPMG,Financial SMEs – Statutory Accounting & Record-to-Report,,,,,pavani.J@metaforgeit.com
Metaforge,Financial SMEs – Statutory Accounting & Record-to-Report,,,,,vijayrajkadgi@gmail.com
Metaforge,FW: Sourcing,,,,,Prakash.R@itcinfotech.com
ITC,Sourcing,,,,,Prakash.r@itcinfotech.com
Metaforge,RE: Project Delivery Manager - (Sub-Con) Only,,,,,harini.s@metaforgeit.com
microsoft.com,Weekly digest: Microsoft service updates,,,"Fi network, Fi or peripherals, improving coordination. This opt-in feature rolls out worldwide from May to late May 2026, requires admin configuration",,o365mc@microsoft.com
Metaforge,FW: Urgent Sourcing : GO Project-Profile for SAP MM/Immediate joiners,,16 years,,Current Location,muruganjayaraman11@gmail.com
Metaforge,FW: Profiles |Immediate joiners for - Urgent and critical requirement- SAP ABAP Consultant,,6 years,2,Current Location,anuhyabottu3@gmail.com
ITC,Request to upload relevant profiles |SAP Functional Developer 60909,,,,,Recruitment.Team@itcinfotech.com
Metaforge,"RE: Critical Requirement OTP - IT Controlling + SAP CO/PS, BW/BI, Power BI/Excel, Jira/Confluence - Immediate joiner",,,,,Vivekananda.KV@itcinfotech.com
otter.ai,Prakash Prabhakar shared Urgent Sourcing : Oracle Positions in Otter,,,,,no-reply@otter.ai
ITC,"RE: Critical Requirement OTP - IT Controlling + SAP CO/PS, BW/BI, Power BI/Excel, Jira/Confluence - Immediate joiner",,,,,rahima.s@metaforgeit.com
ITC,Request to upload relevant profiles |Developer Others 61435,,,,,Recruitment.Team@itcinfotech.com
Metaforge,"RE: Critical Requirement OTP - IT Controlling + SAP CO/PS, BW/BI, Power BI/Excel, Jira/Confluence - Immediate joiner",,,,,rahima.s@metaforgeit.com
ITC,RE: Critical Requirement OTP - IT Controlling + SAP CO - Immediate joiner,,4-8 years,,,Prakruthi.S@itcinfotech.com
Metaforge,Re: Profile for Salesforce Admin-PCIIL_0000244900_1/Immediate Joiner URGENT Salesforce Requirements from ITC Infotech,,,,,rahima.s@metaforgeit.com
Metaforge,"FW: Critical Requirement OTP - IT Controlling + SAP CO/PS, BW/BI, Power BI/Excel, Jira/Confluence - Immediate joiner",,4-8 years,,,Vivekananda.KV@itcinfotech.com
ITC,"Critical Requirement OTP - IT Controlling + SAP CO/PS, BW/BI, Power BI/Excel, Jira/Confluence - Immediate joiner",,4-8 years,,,Prakruthi.S@itcinfotech.com
LTTS,"RE: TPC- Mobility- Multiple position Pune to Pune Only F2F- Android (AOSP/AAOS) in JAVA/Kotlin,Android HMI SW development for building system and user apps",,8.5 years,,,charlie@metaforgeit.com
Metaforge,Re: AM Analyst Requirements,,5.11 years,,Vendor,kommula.varshaa@gmail.com
ITC,"Critical Requirement OTP - IT Controlling + SAP CO/PS, BW/BI, Power BI/Excel, Jira/Confluence - Immediate joiner",,4-8 years,,,Prakruthi.S@itcinfotech.com
Read AI,"🗓 Urgent Sourcing : Microsoft D365 F&O on March 28, 2026 | Read Meeting Report",,,,,executiveassistant@e.read.ai
fireflies.ai,Your meeting recap - Urgent Sourcing : Microsoft D365 F&O,,10+ years,,,helpdesk@esquareinfo.com
otter.ai,Meeting Summary for Urgent Sourcing : Microsoft D365 F&O,,12-15 years,,,no-reply@otter.ai
Read AI,"🗓 Critical positions to be addressed today on March 28, 2026 | Read Meeting Report","The primary objective is to close multiple senior SAP implementation roles immediately, focusing on SD, ABAP, MM, an ABAP-background project manager, and IBP architect., Team will source and submit quality SAP SD, ABAP, MM, IBP, and FICO candidate resumes today per Thirumal’s experience and compensation criteria",,,,executiveassistant@e.read.ai
otter.ai,Prakash Prabhakar shared Urgent Sourcing : Microsoft D365 F&O in Otter,,,,,no-reply@otter.ai
fireflies.ai,Your meeting recap - Critical positions to be addressed today,,,,,viswa.m@gladinfosystems.com
ITC,Critical positions to be addressed today,,,,,Thirumal.Govindan@itcinfotech.com
KPMG,GCP DE - Feedback,,,,,mailtohasnine@gmail.com
Metaforge,Regarding JD for open demands cybersecurity roles,,,,,rahima.s@metaforgeit.com
ITC,RE: Critical Requirement OTP - Java Developer+MuleSoft - Immediate joiner,,,,,rahima.s@metaforgeit.com
Metaforge,Re: Offshore Buyer – MRO & Spare Parts (Maximo Operations) for Chennai-TPC,,12 years,,,ibm-ibs@hotmail.com
Metaforge,RE: Critical Requirement OTP - Java Developer+MuleSoft - Immediate joiner,,,,,rahima.s@metaforgeit.com
Metaforge,"Re: TPC- Mobility- Multiple position Pune to Pune Only F2F- Android (AOSP/AAOS) in JAVA/Kotlin,Android HMI SW development for building system and user apps",,8.5 years,,,niteshsinghnsingh98@gmail.com
KPMG,Snowflake DE - Feedback,,,,,rudrayyai1993@gmail.com
KPMG,Azure DE - Feedback,,,,,muralireddy08041995@gmail.com
ITC,RE: Critical Requirement OTP - Java Developer+MuleSoft - Immediate joiner,,,,,Ponaganti.Kumar@itcinfotech.com
KPMG,Feedback,,,,,lokeshpx9@gmail.com
KPMG,RE: MetaForge POC | KPMG,,,,,sauravmajumder@kpmg.com
KPMG,RE: MetaForge POC | KPMG,,,,,sauravmajumder@kpmg.com
KPMG,RE: MetaForge POC | KPMG,,,,,saikiran.a@metaforgeit.com
Metaforge,Fw: Senior BA Manager - FTS,,10-15 years,,,sauravmajumder@kpmg.com
ITC,Critical Requirement OTP - Java Developer+MuleSoft - Immediate joiner,,,,,Ponaganti.Kumar@itcinfotech.com
fireflies.ai,Your meeting recap - Face to Face Drive : 28th March : Bangalore,,,,,helpdesk@esquareinfo.com
otter.ai,Meeting Summary for Face to Face Drive : 28th March : Bangalore,,,,,no-reply@otter.ai
Read AI,"🗓 Face to Face Drive : 28th March : Bangalore on March 27, 2026 | Read Meeting Report",,,,s for processing,executiveassistant@e.read.ai
otter.ai,Prakash Prabhakar shared Face to Face Drive : 28th March : Bangalore in Otter,,,,,no-reply@otter.ai
Metaforge,MetaForge POC | KPMG,,,,,offshorejobs@metaforgeit.com
Metaforge,Fw: Subcon- C2H Data Scientist,,10 years,Bangalore,,molishamehra@kpmg.com
Metaforge,Fw: Subcon- C2H Data Scientist,,10 years,Bangalore,,molishamehra@kpmg.com
Metaforge,"Fw: Sub-con | Power BI, Azure Data Engineers, Snowflake, AI Engineer",,3-6 years,,,molishamehra@kpmg.com
LTTS,3-5 Yrs,3-5 Yrs,3-5 years,3+,,Trayeetanu.Ganguly@Ltts.com
LTTS,5-8 Yrs,5-8 Yrs,5-8 years,,,Trayeetanu.Ganguly@Ltts.com
LTTS,"TPC- Aero-- C++, ADA95 -Bangalore","C++, ADA95",5-8 years,Bangalore,,Trayeetanu.Ganguly@Ltts.com
communication.microsoft.com,There’s more to explore in Microsoft 365,,,,,Microsoft365@communication.microsoft.com
Metaforge,Fw: Integration Analyst III (Sub-Con Only),,5-7 years,,,sauravmajumder@kpmg.com
jessytechsolutions.com,Deployable Anaplan Resources,,,,,pradeep.d@jessytechsolutions.com
Metaforge,RE: Profiles for - Urgent and critical requirement- SAP SD,,8 years,,CCTC,azeemsap9@gmail.com
Metaforge,RE: Profiles for - Urgent and critical requirement- SAP ABAP Consultant,,6 years,2,Current Location,anuhyabottu3@gmail.com
ITC,RE: SAP BW/BI/ IP- F2F walk-in drive on 28th March - Bangalore location,,,,,rahima.s@metaforgeit.com
LTTS,"TPC - Requirement - SP3D Civil and Structural Designer/ 3D Modeler , Chennai - Face to face is must","ITI, Diploma degree in Civil, Mechanical Engineering.",7+ years,,,Trayeetanu.Ganguly@Ltts.com
LTTS,"TPC - Requirement - Civil & Structural Engineer , Chennai",Should have Very good exposure in O&G and Chemical projects.,7+ years,,,Trayeetanu.Ganguly@Ltts.com
LTTS,"RE: Super Urgent - TPC - Requirement - Hardware Design Engineer , Bangalore",,10 years,,,Vinayakumarp.Patil_ext@Ltts.com
Metaforge,Fw: DATA Analyst - Pune (Sub-Con only),"PO migration, Data migration and S2P.",,,,sauravmajumder@kpmg.com
Metaforge,Fw: PM requirement - FTS,,,,,harini.s@metaforgeit.com
Read AI,"🗓 Face to Face Drive : 28th March : Bangalore on March 26, 2026 | Read Meeting Report",,10+ years,,,executiveassistant@e.read.ai
fireflies.ai,Your meeting recap - Face to Face Drive : 28th March : Bangalore,,10-14 years,,,helpdesk@esquareinfo.com
Metaforge,Re: Project Delivery Manager - (Sub-Con) Only,,,,,harini.s@metaforgeit.com
Metaforge,Fw: Senior BA Manager - FTS,,,,,harini.s@metaforgeit.com
Metaforge,Fw: AM Analyst Requirements,,,,,harini.s@metaforgeit.com
Metaforge,Fw: Sailpoint IDN requirement along with MFA experience,,,,,harini.s@metaforgeit.com
Metaforge,RE: Urgent Sourcing : GO Project-Profile for SAP MM/Immediate joiners,,16 years,,Current Location,muruganjayaraman11@gmail.com
Metaforge,"RE: Super Urgent - TPC - Requirement - Hardware Design Engineer , Bangalore",,6.0 years,,,jagadeeshselvam1@gmail.com
Metaforge,RE: SAP BW/BI/ IP- F2F walk-in drive on 28th March - Bangalore location,,,,,rahima.s@metaforgeit.com
Metaforge,Re: Offshore Buyer – MRO & Spare Parts (Maximo Operations) for Chennai-TPC,,5.6 years,,,lakshmikamath804@gmail.com
Metaforge,Re: Offshore Buyer – MRO & Spare Parts (Maximo Operations) for Chennai-TPC,,5.6 years,,,lakshmikamath804@gmail.com
Metaforge,RE: Profile for Salesforce Marketing Cloud PCIIL_0000244682_1/Immediate Joiners URGENT Salesforce Requirements from ITC Infotech,,5.5 years,,CCTC,rajasekharcloud21@gmail.com
Metaforge,RE: Profile for Salesforce Admin-PCIIL_0000246800_1/Immediate Joiners URGENT Salesforce Requirements from ITC Infotech,,9 years,,CCTC,jayendrakhil0613@gmail.com
Metaforge,Re: Requirement - Banking Client - BA & PMO roles,,,,,saikiran.a@metaforgeit.com
Metaforge,[Test] MetaForge Recruiter — SMTP works,,,,,recruitment.application@metaforgeit.com
